Time,Read/s,Write/s,util%,cpu%
2023-05-01 23:32:07,0.00 , 469.00 , 36.00,13.31
2023-05-01 23:32:09,0.00 , 0.00 , 0.00,11.42
2023-05-01 23:32:11,0.00 , 7.00 , 0.00,11.9
2023-05-01 23:32:13,0.00 , 754.00 , 73.20,16.21
2023-05-01 23:32:15,0.00 , 0.00 , 0.00,11.94
2023-05-01 23:32:17,0.00 , 0.00 , 0.00,11.56
2023-05-01 23:32:19,0.00 , 0.00 , 0.00,10.89
2023-05-01 23:32:21,0.00 , 7.00 , 0.00,11.37
2023-05-01 23:32:23,0.00 , 2.00 , 0.00,11.47
2023-05-01 23:32:25,0.00 , 0.00 , 0.00,10.17
2023-05-01 23:32:27,0.00 , 0.00 , 0.00,11.21
2023-05-01 23:32:29,0.00 , 0.00 , 0.00,10.87
2023-05-01 23:32:31,0.00 , 8.00 , 0.00,10.58
2023-05-01 23:32:33,0.00 , 2.00 , 0.00,9.91
2023-05-01 23:32:35,0.00 , 0.00 , 0.00,10.61
2023-05-01 23:32:37,0.00 , 0.00 , 0.00,11.36
2023-05-01 23:32:39,0.00 , 2.00 , 0.00,10.06
2023-05-01 23:32:41,0.00 , 7.00 , 0.00,11.08
2023-05-01 23:32:43,0.00 , 2.00 , 0.00,8.9
2023-05-01 23:32:45,0.00 , 0.00 , 0.00,10.91
2023-05-01 23:32:47,0.00 , 0.00 , 0.00,10.23
2023-05-01 23:32:49,0.00 , 0.00 , 0.00,9.51
2023-05-01 23:32:51,0.00 , 8.00 , 0.00,10.73
2023-05-01 23:32:53,0.00 , 2.00 , 0.00,10.28
2023-05-01 23:32:55,0.00 , 0.00 , 0.00,11.44
2023-05-01 23:32:57,0.00 , 0.00 , 0.00,11.52
2023-05-01 23:32:59,0.00 , 0.00 , 0.00,10.04
2023-05-01 23:33:01,0.00 , 8.00 , 0.00,11.19
2023-05-01 23:33:03,0.00 , 2.00 , 0.00,10.74
2023-05-01 23:33:05,0.00 , 30.00 , 0.00,9.91
2023-05-01 23:33:07,0.00 , 0.00 , 0.00,10.94
2023-05-01 23:33:10,0.00 , 0.00 , 0.00,11.11
2023-05-01 23:33:12,0.00 , 7.00 , 0.40,11.42
2023-05-01 23:33:14,0.00 , 2.00 , 0.00,11.24
2023-05-01 23:33:16,0.00 , 0.00 , 0.00,11
2023-05-01 23:33:18,0.00 , 0.00 , 0.00,11.36
2023-05-01 23:33:20,0.00 , 0.00 , 0.00,11.63
2023-05-01 23:33:22,0.00 , 7.00 , 0.00,11.49
2023-05-01 23:33:24,0.00 , 2.00 , 0.00,11.53
2023-05-01 23:33:26,0.00 , 0.00 , 0.00,10.61
2023-05-01 23:33:28,0.00 , 0.00 , 0.00,11.41
2023-05-01 23:33:30,0.00 , 0.00 , 0.00,10.01
2023-05-01 23:33:32,0.00 , 365.00 , 27.60,12.9
2023-05-01 23:33:34,0.00 , 2.00 , 0.00,11.15
2023-05-01 23:33:36,0.00 , 0.00 , 0.00,11.27
2023-05-01 23:33:38,0.00 , 0.00 , 0.00,11.81
2023-05-01 23:33:40,0.00 , 0.00 , 0.00,10.64
2023-05-01 23:33:42,0.00 , 7.00 , 0.00,11.79
2023-05-01 23:33:44,0.00 , 2.00 , 0.00,11.06
2023-05-01 23:33:46,0.00 , 0.00 , 0.00,11.33
2023-05-01 23:33:48,0.00 , 0.00 , 0.00,11.4
2023-05-01 23:33:50,0.00 , 0.00 , 0.00,11.44
2023-05-01 23:33:52,0.00 , 7.00 , 0.00,11.4
2023-05-01 23:33:54,0.00 , 2.00 , 0.00,12.35
2023-05-01 23:33:56,0.00 , 0.00 , 0.00,10.73
2023-05-01 23:33:58,0.00 , 0.00 , 0.00,11.55
2023-05-01 23:34:00,0.00 , 0.00 , 0.00,11.4
2023-05-01 23:34:02,0.00 , 8.00 , 0.00,11.04
2023-05-01 23:34:04,0.00 , 2.00 , 0.00,9.84
2023-05-01 23:34:06,0.00 , 0.00 , 0.00,10.28
2023-05-01 23:34:08,0.00 , 594.00 , 42.80,10.94
2023-05-01 23:34:10,0.00 , 0.00 , 0.00,10.7
2023-05-01 23:34:12,0.00 , 7.00 , 0.00,10.78
2023-05-01 23:34:14,0.00 , 2.00 , 0.00,11.67
2023-05-01 23:34:16,0.00 , 0.00 , 0.00,10.65
2023-05-01 23:34:18,0.00 , 0.00 , 0.00,10.14
2023-05-01 23:34:20,0.00 , 0.00 , 0.00,10.09
2023-05-01 23:34:22,0.00 , 0.00 , 0.00,11.27
2023-05-01 23:34:24,0.00 , 0.00 , 0.00,10.82
2023-05-01 23:34:26,0.00 , 6.00 , 0.40,10.64
2023-05-01 23:34:28,0.00 , 2.00 , 0.00,11.52
2023-05-01 23:34:30,0.00 , 0.00 , 0.00,10.97
2023-05-01 23:34:32,0.00 , 0.00 , 0.00,11.09
2023-05-01 23:34:34,0.00 , 0.00 , 0.00,12.14
2023-05-01 23:34:36,0.00 , 7.00 , 0.00,12.12
2023-05-01 23:34:38,0.00 , 304.00 , 21.60,12.85
2023-05-01 23:34:40,0.00 , 0.00 , 0.00,9.8
2023-05-01 23:34:42,0.00 , 0.00 , 0.00,11.78
2023-05-01 23:34:44,0.00 , 0.00 , 0.00,11.22
2023-05-01 23:34:46,0.00 , 8.00 , 0.00,11.42
2023-05-01 23:34:48,0.00 , 14.00 , 0.00,11.03
2023-05-01 23:34:50,0.00 , 0.00 , 0.00,11.66
2023-05-01 23:34:52,0.00 , 0.00 , 0.00,11.45
2023-05-01 23:34:54,0.00 , 0.00 , 0.00,10.82
2023-05-01 23:34:56,0.00 , 7.00 , 0.00,10.09
2023-05-01 23:34:58,0.00 , 2.00 , 0.00,10.05
2023-05-01 23:35:00,0.00 , 1.00 , 0.00,11.65
2023-05-01 23:35:02,0.00 , 0.00 , 0.00,11.19
2023-05-01 23:35:04,0.00 , 0.00 , 0.00,10.97
2023-05-01 23:35:06,0.00 , 7.00 , 0.00,11.32
2023-05-01 23:35:08,0.00 , 2.00 , 0.00,11.17
2023-05-01 23:35:10,0.00 , 0.00 , 0.00,10.69
2023-05-01 23:35:12,0.00 , 0.00 , 0.00,11.08
2023-05-01 23:35:14,0.00 , 0.00 , 0.00,10.73
2023-05-01 23:35:16,0.00 , 8.00 , 0.00,10.8
2023-05-01 23:35:18,0.00 , 2.00 , 0.00,10.41
2023-05-01 23:35:20,0.00 , 13.00 , 0.00,10.84
2023-05-01 23:35:23,0.00 , 0.00 , 0.00,9.58
2023-05-01 23:35:25,0.00 , 0.00 , 0.00,10.04
2023-05-01 23:35:27,0.00 , 8.00 , 0.00,11.49
2023-05-01 23:35:29,0.00 , 2.00 , 0.00,10.73
2023-05-01 23:35:31,0.00 , 0.00 , 0.00,11.2
2023-05-01 23:35:33,0.00 , 0.00 , 0.00,10.73
2023-05-01 23:35:35,0.00 , 0.00 , 0.00,11.88
2023-05-01 23:35:37,0.00 , 7.00 , 0.00,11.97
2023-05-01 23:35:39,0.00 , 2.00 , 0.00,11.4
2023-05-01 23:35:41,0.00 , 25.00 , 0.00,11.65
2023-05-01 23:35:43,0.00 , 0.00 , 0.00,11.17
2023-05-01 23:35:45,0.00 , 0.00 , 0.00,10.88
2023-05-01 23:35:47,0.00 , 458.00 , 36.00,12.71
2023-05-01 23:35:49,0.00 , 2.00 , 0.00,11.17
2023-05-01 23:35:51,0.00 , 0.00 , 0.00,11.53
2023-05-01 23:35:53,0.00 , 0.00 , 0.00,10.68
2023-05-01 23:35:55,0.00 , 0.00 , 0.00,11.85
2023-05-01 23:35:57,0.00 , 22.00 , 0.00,11.28
2023-05-01 23:35:59,0.00 , 2.00 , 0.00,10.79
2023-05-01 23:36:01,0.00 , 0.00 , 0.00,10.03
2023-05-01 23:36:03,0.00 , 0.00 , 0.00,9.7
2023-05-01 23:36:05,0.00 , 0.00 , 0.00,11.23
2023-05-01 23:36:07,0.00 , 7.00 , 0.00,11.4
2023-05-01 23:36:09,0.00 , 2.00 , 0.00,10.79
2023-05-01 23:36:11,0.00 , 0.00 , 0.00,11.31
2023-05-01 23:36:13,0.00 , 55.00 , 0.00,11.16
2023-05-01 23:36:15,0.00 , 0.00 , 0.00,10.4
2023-05-01 23:36:17,0.00 , 8.00 , 0.00,13.94
2023-05-01 23:36:19,0.00 , 2.00 , 0.00,8.79
2023-05-01 23:36:21,0.00 , 0.00 , 0.00,4.5
2023-05-01 23:36:23,0.00 , 2.00 , 0.00,4.38
2023-05-01 23:36:25,0.00 , 0.00 , 0.00,4.26
